{
  "project_info": {
    "project_number": "663637434393",
    "firebase_url": "https://finalsgpm.firebaseio.com",
    "project_id": "finalsgpm",
    "storage_bucket": "finalsgpm.appspot.com"
  },
  "client": [
    {
      "client_info": {
        "mobilesdk_app_id": "1:663637434393:android:297be5d0cbe3b4b1258a88",
        "android_client_info": {
          "package_name": "com.example.afinal"
        }
      },
      "oauth_client": [
        {
          "client_id": "663637434393-tvbkipsridc2tfl94oh46m0f342ku02d.apps.googleusercontent.com",
          "client_type": 3
        }
      ],
      "api_key": [
        {
          "current_key": "AIzaSyBh1QcPqzKp-IgbIim1BLJYBgHcAmzUMgM"
        }
      ],
      "services": {
        "appinvite_service": {
          "other_platform_oauth_client": [
            {
              "client_id": "663637434393-tvbkipsridc2tfl94oh46m0f342ku02d.apps.googleusercontent.com",
              "client_type": 3
            }
          ]
        }
      }
    }
  ],
  "configuration_version": "1"
}